               epoch,      train/box_loss,      train/obj_loss,      train/cls_loss,   metrics/precision,      metrics/recall,     metrics/mAP_0.5,metrics/mAP_0.5:0.95,        val/box_loss,        val/obj_loss,        val/cls_loss,               x/lr0,               x/lr1,               x/lr2
                   0,             0.11135,            0.071433,             0.04024,                   0,                   0,                   0,                   0,             0.10293,            0.048193,            0.037314,              0.0982,              0.0002,              0.0002
                   1,             0.10986,            0.071188,            0.040205,                   0,                   0,                   0,                   0,             0.10273,            0.048253,             0.03729,            0.095498,          0.00049835,          0.00049835
                   2,              0.1092,            0.077457,            0.039563,                   0,                   0,                   0,                   0,             0.10247,            0.048332,            0.037257,            0.092795,          0.00079472,          0.00079472
                   3,             0.10871,            0.068887,            0.039124,                   0,                   0,                   0,                   0,             0.10216,            0.048522,            0.037219,            0.090089,           0.0010891,           0.0010891
                   4,             0.10896,            0.069059,            0.039569,                   0,                   0,                   0,                   0,             0.10187,            0.048606,            0.037184,            0.087382,           0.0013815,           0.0013815
                   5,             0.10844,            0.073728,            0.039373,                   0,                   0,                   0,                   0,             0.10167,            0.048518,            0.037159,            0.084672,            0.001672,            0.001672
                   6,             0.10716,            0.074582,            0.038959,                   0,                   0,                   0,                   0,             0.10147,            0.048746,            0.037138,             0.08196,           0.0019604,           0.0019604
                   7,             0.10777,            0.070229,            0.038905,                   0,                   0,                   0,                   0,             0.10135,            0.048939,            0.037125,            0.079247,           0.0022469,           0.0022469
                   8,             0.10652,            0.072373,            0.038785,                   0,                   0,                   0,                   0,             0.10113,            0.048912,            0.037103,            0.076531,           0.0025314,           0.0025314
                   9,             0.10667,            0.065261,             0.03882,                   0,                   0,                   0,                   0,             0.10102,            0.049075,            0.037091,            0.073814,           0.0028139,           0.0028139
                  10,             0.10632,            0.065033,            0.038599,                   0,                   0,                   0,                   0,             0.10081,            0.048907,            0.037068,            0.071094,           0.0030944,           0.0030944
                  11,             0.10492,            0.068149,            0.038111,                   0,                   0,                   0,                   0,             0.10069,            0.048956,            0.037055,            0.068373,           0.0033729,           0.0033729
                  12,             0.10542,            0.075432,            0.038236,                   0,                   0,                   0,                   0,             0.10046,            0.049094,            0.037031,             0.06565,           0.0036495,           0.0036495
                  13,             0.10649,             0.06564,            0.038986,                   0,                   0,                   0,                   0,             0.10034,             0.04922,            0.037019,            0.062924,           0.0039241,           0.0039241
                  14,             0.10477,            0.077028,            0.038066,                   0,                   0,                   0,                   0,              0.1001,            0.049288,            0.036995,            0.060197,           0.0041967,           0.0041967
                  15,             0.10536,            0.063486,            0.038212,                   0,                   0,                   0,                   0,            0.099986,            0.049272,            0.036983,            0.057467,           0.0044673,           0.0044673
                  16,             0.10461,            0.070817,            0.038149,                   0,                   0,                   0,                   0,             0.09975,            0.049467,            0.036961,            0.054736,            0.004736,            0.004736
                  17,             0.10311,            0.072585,            0.037588,                   0,                   0,                   0,                   0,            0.099617,             0.04959,            0.036951,            0.052003,           0.0050027,           0.0050027
                  18,             0.10471,            0.081895,            0.037732,                   0,                   0,                   0,                   0,            0.099489,            0.049498,            0.036942,            0.049267,           0.0052674,           0.0052674
                  19,             0.10285,            0.075963,            0.037611,                   0,                   0,                   0,                   0,            0.099341,            0.049603,            0.036931,             0.04653,           0.0055301,           0.0055301
                  20,             0.10265,            0.087802,            0.037287,                   0,                   0,                   0,                   0,            0.099186,            0.049672,            0.036921,            0.043791,           0.0057908,           0.0057908
                  21,             0.10357,             0.07672,            0.037494,                   0,                   0,                   0,                   0,            0.099039,            0.049626,            0.036911,             0.04105,           0.0060495,           0.0060495
                  22,             0.10452,            0.068801,            0.037088,                   0,                   0,                   0,                   0,            0.098908,            0.049768,            0.036904,            0.038306,           0.0063063,           0.0063063
                  23,             0.10196,            0.070761,            0.036833,                   0,                   0,                   0,                   0,            0.098765,            0.049682,              0.0369,            0.035561,           0.0065611,           0.0065611
                  24,             0.10098,            0.080173,            0.036813,                   0,                   0,                   0,                   0,            0.098608,            0.049971,            0.036886,            0.032814,           0.0068139,           0.0068139
                  25,             0.10056,            0.076286,            0.036713,                   0,                   0,                   0,                   0,            0.098443,            0.049938,            0.036869,            0.030065,           0.0070648,           0.0070648
                  26,             0.10132,            0.080486,            0.036554,                   0,                   0,                   0,                   0,             0.09827,            0.050114,            0.036848,            0.027314,           0.0073136,           0.0073136
                  27,             0.10072,            0.074947,            0.036364,           0.0009311,            0.095238,          0.00064314,          6.4314e-05,            0.098083,            0.050032,            0.036824,             0.02456,           0.0075605,           0.0075605
                  28,             0.10148,            0.069904,            0.035936,           0.0009311,            0.095238,          0.00064314,          6.4314e-05,            0.098083,            0.050006,            0.036824,            0.021805,           0.0078054,           0.0078054
                  29,             0.10015,            0.067321,            0.036013,           0.0011623,             0.11905,          0.00083188,          9.5823e-05,            0.097931,            0.049847,             0.03681,            0.019048,           0.0080483,           0.0080483
                  30,             0.10022,            0.081555,            0.035818,           0.0013889,             0.14286,           0.0010022,          0.00021718,             0.09781,            0.050034,            0.036788,            0.016289,           0.0082892,           0.0082892
                  31,            0.099791,            0.072535,            0.035736,           0.0013989,             0.16667,           0.0010706,          0.00022376,            0.097668,             0.05012,            0.036768,            0.013528,           0.0085281,           0.0085281
                  32,             0.10047,            0.081458,            0.035682,           0.0013989,             0.16667,           0.0010706,          0.00022376,            0.097668,            0.050043,            0.036768,            0.010765,           0.0087651,           0.0087651
                  33,            0.099043,              0.0643,            0.035286,           0.0013989,             0.16667,           0.0010799,          0.00021022,            0.097523,            0.050111,            0.036748,            0.008911,            0.008911,            0.008911
                  34,            0.098235,            0.077072,            0.035811,           0.0013006,             0.16667,           0.0010249,          0.00018817,            0.097364,            0.049995,            0.036723,            0.008911,            0.008911,            0.008911
                  35,            0.098892,            0.068841,            0.035109,           0.0014864,             0.19048,           0.0012374,          0.00019604,            0.097141,            0.049818,            0.036686,            0.008878,            0.008878,            0.008878
                  36,            0.097491,            0.067021,            0.035272,           0.0014864,             0.19048,           0.0012374,          0.00019604,            0.097141,            0.049817,            0.036686,            0.008845,            0.008845,            0.008845
                  37,            0.098922,            0.078815,            0.034853,           0.0013243,             0.16667,            0.001048,          0.00019165,            0.096915,            0.049937,             0.03665,            0.008812,            0.008812,            0.008812
                  38,            0.098834,            0.073968,             0.03496,           0.0013621,             0.16667,           0.0016781,          0.00033159,            0.096695,            0.049919,            0.036547,            0.008779,            0.008779,            0.008779
                  39,            0.097442,            0.079245,            0.035117,           0.0015901,             0.19048,           0.0029013,          0.00072858,            0.096225,            0.050101,            0.036405,            0.008746,            0.008746,            0.008746
                  40,            0.097213,            0.075204,            0.034424,           0.0015901,             0.19048,           0.0029013,          0.00072858,            0.096225,            0.050114,            0.036405,            0.008713,            0.008713,            0.008713
                  41,            0.097544,            0.078066,            0.034004,           0.0045711,             0.24603,            0.013325,           0.0053117,            0.096044,            0.049732,            0.036314,             0.00868,             0.00868,             0.00868
                  42,            0.097721,            0.075018,             0.03469,           0.0032342,             0.22222,           0.0045901,           0.0022084,            0.096423,            0.049038,            0.036012,            0.008647,            0.008647,            0.008647
                  43,             0.09661,            0.080371,            0.034036,           0.0065833,             0.29532,            0.015624,           0.0032597,            0.096718,            0.048215,            0.035684,            0.008614,            0.008614,            0.008614
                  44,            0.096627,            0.073135,            0.033404,           0.0065833,             0.29532,            0.015624,           0.0032597,            0.096718,            0.047991,            0.035684,            0.008581,            0.008581,            0.008581
                  45,            0.097293,            0.075726,            0.034047,            0.010377,             0.36842,            0.012768,            0.002812,            0.097347,            0.047411,            0.035549,            0.008548,            0.008548,            0.008548
                  46,            0.096174,            0.073209,            0.033356,           0.0064141,             0.27151,            0.011449,           0.0024756,            0.097001,            0.047455,            0.035262,            0.008515,            0.008515,            0.008515
                  47,            0.097764,            0.076505,            0.033021,           0.0030965,             0.25397,           0.0055729,           0.0015282,             0.09715,            0.047368,            0.035233,            0.008482,            0.008482,            0.008482
                  48,             0.09567,            0.080279,            0.032535,           0.0030965,             0.25397,           0.0055729,           0.0015282,             0.09715,             0.04719,            0.035233,            0.008449,            0.008449,            0.008449
                  49,             0.09581,            0.076745,            0.031949,           0.0078335,             0.22389,           0.0094869,           0.0033958,            0.096947,            0.047095,            0.035049,            0.008416,            0.008416,            0.008416
                  50,            0.096384,            0.075122,             0.03277,           0.0082574,              0.2477,            0.016203,           0.0053331,            0.096604,            0.047209,            0.034994,            0.008383,            0.008383,            0.008383
                  51,             0.09537,            0.077819,            0.031597,            0.011483,             0.27151,            0.044091,           0.0070615,            0.096511,            0.046631,             0.03448,             0.00835,             0.00835,             0.00835
                  52,            0.096449,            0.077358,            0.031684,            0.011483,             0.27151,            0.044091,           0.0070615,            0.096511,            0.046708,             0.03448,            0.008317,            0.008317,            0.008317
                  53,            0.093995,            0.066365,            0.030456,           0.0041564,             0.33333,            0.020989,           0.0047237,            0.096415,            0.046264,            0.034167,            0.008284,            0.008284,            0.008284
                  54,            0.094302,            0.074615,            0.030458,            0.010646,             0.35088,            0.014577,           0.0024564,             0.09514,            0.047007,            0.034056,            0.008251,            0.008251,            0.008251
                  55,             0.09471,            0.067255,            0.029986,            0.023116,             0.32414,            0.029242,           0.0071807,            0.094147,            0.047418,            0.033488,            0.008218,            0.008218,            0.008218
                  56,            0.095864,             0.07564,            0.030051,            0.023116,             0.32414,            0.029242,           0.0071807,            0.094147,            0.047348,            0.033488,            0.008185,            0.008185,            0.008185
                  57,            0.092651,            0.065501,            0.028558,            0.025332,             0.40058,             0.02987,           0.0070605,            0.093569,            0.047377,            0.032885,            0.008152,            0.008152,            0.008152
                  58,            0.092797,            0.063065,            0.028688,            0.017486,             0.37678,            0.019456,           0.0055444,            0.093335,            0.047456,            0.032938,            0.008119,            0.008119,            0.008119
                  59,            0.095326,            0.069702,            0.029773,             0.02559,             0.33876,            0.025775,           0.0070635,            0.092719,            0.047091,            0.032204,            0.008086,            0.008086,            0.008086
                  60,            0.094185,            0.074435,            0.028769,             0.02559,             0.33876,            0.025775,           0.0070635,            0.092719,            0.047226,            0.032204,            0.008053,            0.008053,            0.008053
                  61,            0.093304,            0.069434,            0.028565,             0.01172,             0.19549,            0.011008,           0.0035071,            0.093763,            0.047471,            0.033561,             0.00802,             0.00802,             0.00802
                  62,            0.094337,            0.060391,            0.028705,            0.017107,             0.68045,             0.11186,            0.027701,            0.090497,            0.044821,            0.029484,            0.007987,            0.007987,            0.007987
                  63,            0.092263,            0.066337,            0.028298,            0.058638,             0.16082,            0.032291,           0.0092536,            0.092724,            0.043539,             0.03018,            0.007954,            0.007954,            0.007954
                  64,            0.094126,            0.059941,            0.028245,            0.058638,             0.16082,            0.032291,           0.0092536,            0.092724,            0.043603,             0.03018,            0.007921,            0.007921,            0.007921
                  65,            0.092698,            0.064266,            0.027701,             0.57108,            0.087719,             0.11764,            0.037319,            0.090127,            0.044363,            0.029362,            0.007888,            0.007888,            0.007888
                  66,            0.090924,            0.056556,            0.027071,             0.47849,            0.066666,            0.081773,            0.030989,            0.091386,            0.044884,            0.028464,            0.007855,            0.007855,            0.007855
                  67,            0.094309,            0.068941,            0.027596,              0.4562,             0.13033,            0.084822,            0.021708,             0.09383,            0.062844,            0.025222,            0.007822,            0.007822,            0.007822
                  68,            0.094177,            0.060254,            0.026817,              0.4562,             0.13033,            0.084822,            0.021708,             0.09383,            0.062772,            0.025222,            0.007789,            0.007789,            0.007789
                  69,            0.093011,            0.054755,            0.026291,             0.16383,              0.2193,             0.10854,            0.029893,            0.092354,            0.062888,             0.02494,            0.007756,            0.007756,            0.007756
                  70,            0.093358,            0.059818,            0.026723,              0.1652,             0.26065,             0.13547,            0.026375,            0.089642,            0.062492,            0.025081,            0.007723,            0.007723,            0.007723
                  71,            0.090879,            0.053525,            0.026251,            0.095665,             0.15581,            0.097758,            0.024691,            0.092742,            0.074029,            0.024648,             0.00769,             0.00769,             0.00769
                  72,            0.092612,            0.067225,            0.026349,            0.095665,             0.15581,            0.097758,            0.024691,            0.092742,            0.074001,            0.024648,            0.007657,            0.007657,            0.007657
                  73,             0.09154,            0.073427,            0.026808,             0.28105,             0.19946,             0.11697,            0.030413,            0.092867,            0.060544,            0.024805,            0.007624,            0.007624,            0.007624
                  74,            0.088961,            0.064385,            0.026521,             0.16092,             0.11779,            0.098904,            0.032144,            0.091735,             0.12396,            0.024683,            0.007591,            0.007591,            0.007591
                  75,            0.088411,            0.056438,            0.026056,              0.1487,             0.24645,             0.10269,             0.03276,            0.098082,             0.13352,            0.024847,            0.007558,            0.007558,            0.007558
                  76,            0.095533,            0.062222,            0.025645,              0.1487,             0.24645,             0.10269,             0.03276,            0.098082,             0.13354,            0.024847,            0.007525,            0.007525,            0.007525
                  77,            0.092541,            0.059328,             0.02578,             0.27285,             0.14954,             0.13026,            0.048122,            0.096293,              0.1014,             0.02466,            0.007492,            0.007492,            0.007492
                  78,            0.093362,            0.057466,            0.025997,             0.11271,              0.2005,             0.12448,            0.039166,            0.089909,            0.052372,            0.024656,            0.007459,            0.007459,            0.007459
                  79,            0.092076,            0.051562,            0.024513,            0.089933,             0.32414,             0.11709,            0.048341,            0.094369,            0.061599,            0.024443,            0.007426,            0.007426,            0.007426
                  80,             0.09599,            0.058058,            0.025922,            0.089933,             0.32414,             0.11709,            0.048341,            0.094369,            0.061579,            0.024443,            0.007393,            0.007393,            0.007393
                  81,            0.095284,            0.060995,             0.02551,             0.14013,             0.34795,             0.13235,            0.042979,            0.094763,            0.057211,            0.024173,             0.00736,             0.00736,             0.00736
                  82,             0.09383,            0.052019,            0.025227,              0.1246,             0.35631,             0.13493,            0.051784,            0.093286,            0.046548,            0.023607,            0.007327,            0.007327,            0.007327
                  83,            0.092318,            0.057294,            0.025141,             0.12673,             0.35004,             0.13522,            0.050999,            0.093153,            0.043396,            0.024328,            0.007294,            0.007294,            0.007294
                  84,            0.092055,            0.057209,            0.025723,             0.12673,             0.35004,             0.13522,            0.050999,            0.093153,            0.043413,            0.024328,            0.007261,            0.007261,            0.007261
                  85,            0.091036,             0.06378,            0.024984,             0.15568,             0.40393,             0.13806,            0.051963,            0.093318,            0.046971,            0.024222,            0.007228,            0.007228,            0.007228
                  86,            0.090751,            0.058023,             0.02514,             0.13412,             0.32749,             0.13189,             0.05006,            0.090395,            0.043282,            0.024695,            0.007195,            0.007195,            0.007195
                  87,            0.088139,            0.062148,            0.024385,              0.1367,             0.45948,             0.18061,            0.074108,            0.089629,             0.05633,            0.024423,            0.007162,            0.007162,            0.007162
                  88,            0.087762,            0.061159,             0.02462,              0.1367,             0.45948,             0.18061,            0.074108,            0.089629,            0.056261,            0.024423,            0.007129,            0.007129,            0.007129
                  89,            0.086474,            0.058742,            0.025114,             0.66198,             0.21805,             0.21831,            0.084509,            0.087864,            0.053248,             0.02412,            0.007096,            0.007096,            0.007096
                  90,            0.087613,             0.05137,            0.024196,             0.30253,             0.45656,             0.32449,             0.14183,            0.084045,            0.043803,            0.022509,            0.007063,            0.007063,            0.007063
                  91,             0.08793,             0.05672,            0.024908,             0.64987,             0.28803,             0.33002,            0.093166,            0.089891,            0.048678,            0.022316,             0.00703,             0.00703,             0.00703
                  92,            0.087683,            0.059117,            0.023788,             0.64987,             0.28803,             0.33002,            0.093166,            0.089891,            0.048693,            0.022316,            0.006997,            0.006997,            0.006997
                  93,            0.086643,            0.065725,            0.024187,             0.77198,             0.26531,             0.34037,             0.11677,             0.08864,            0.044988,            0.022505,            0.006964,            0.006964,            0.006964
                  94,            0.085025,            0.049947,            0.023863,             0.27788,             0.40004,             0.30071,             0.11286,            0.084089,            0.039154,            0.023004,            0.006931,            0.006931,            0.006931
                  95,             0.08545,            0.059435,            0.024242,             0.61723,             0.34631,             0.32531,             0.12436,            0.083923,            0.041746,              0.0223,            0.006898,            0.006898,            0.006898
                  96,            0.087074,             0.05908,            0.026174,             0.61723,             0.34631,             0.32531,             0.12436,            0.083923,            0.041732,              0.0223,            0.006865,            0.006865,            0.006865
                  97,            0.085113,            0.059107,            0.024052,             0.69874,             0.25815,             0.36132,             0.13119,            0.083955,            0.046781,            0.022132,            0.006832,            0.006832,            0.006832
                  98,            0.083688,            0.057227,            0.023518,             0.62202,             0.37093,             0.30596,             0.10713,            0.083557,            0.043803,            0.022128,            0.006799,            0.006799,            0.006799
                  99,            0.081798,            0.050101,            0.023052,             0.58078,               0.401,             0.32736,             0.13457,            0.083602,            0.043886,            0.021267,            0.006766,            0.006766,            0.006766
                 100,            0.087683,            0.060915,            0.023787,             0.58078,               0.401,             0.32736,             0.13457,            0.083602,            0.043894,            0.021267,            0.006733,            0.006733,            0.006733
                 101,            0.084485,            0.065054,            0.023521,             0.66004,             0.29449,             0.37525,             0.17942,            0.081041,            0.043587,            0.021264,              0.0067,              0.0067,              0.0067
                 102,            0.082782,            0.055676,            0.023041,             0.57194,             0.39474,             0.31623,             0.11566,            0.083172,            0.042398,            0.021463,            0.006667,            0.006667,            0.006667
                 103,            0.084829,            0.061371,            0.023828,             0.57612,             0.30075,             0.26156,            0.096045,            0.080769,            0.038469,            0.022475,            0.006634,            0.006634,            0.006634
                 104,            0.085056,             0.06006,            0.024231,             0.57612,             0.30075,             0.26156,            0.096045,            0.080769,            0.038448,            0.022475,            0.006601,            0.006601,            0.006601
                 105,            0.084944,            0.058253,            0.024179,             0.51642,             0.22932,             0.24241,            0.096096,            0.080397,            0.039464,            0.022341,            0.006568,            0.006568,            0.006568
                 106,            0.084317,             0.05694,            0.023359,             0.53622,             0.30075,             0.23341,            0.098654,            0.080452,            0.040772,            0.021448,            0.006535,            0.006535,            0.006535
                 107,            0.084231,            0.058257,            0.024643,             0.56525,             0.29861,             0.28179,             0.09637,            0.082075,            0.042942,            0.021194,            0.006502,            0.006502,            0.006502
                 108,            0.083648,            0.060244,             0.02365,             0.56525,             0.29861,             0.28179,             0.09637,            0.082075,             0.04292,            0.021194,            0.006469,            0.006469,            0.006469
                 109,            0.083486,            0.052759,             0.02346,             0.57634,             0.26439,             0.31495,             0.11799,            0.080052,            0.043404,            0.021181,            0.006436,            0.006436,            0.006436
                 110,            0.080352,            0.056965,            0.022488,             0.57712,             0.27456,             0.27114,             0.12144,            0.079331,             0.03993,            0.021535,            0.006403,            0.006403,            0.006403
                 111,            0.080703,            0.056256,            0.022826,             0.68519,             0.30016,             0.39225,             0.15922,            0.078728,            0.037903,             0.02153,             0.00637,             0.00637,             0.00637
                 112,            0.080539,            0.061427,            0.022827,             0.68519,             0.30016,             0.39225,             0.15922,            0.078728,            0.037902,             0.02153,            0.006337,            0.006337,            0.006337
                 113,             0.08126,            0.054808,             0.02283,             0.71086,             0.35226,             0.44407,             0.15863,             0.07844,             0.03793,            0.021493,            0.006304,            0.006304,            0.006304
                 114,            0.081299,            0.055032,            0.023936,             0.61205,             0.34085,             0.36177,             0.17596,            0.078784,            0.036123,            0.021575,            0.006271,            0.006271,            0.006271
                 115,            0.080941,            0.057401,            0.022768,             0.65894,             0.32957,             0.38205,             0.14158,            0.079893,            0.036416,            0.021516,            0.006238,            0.006238,            0.006238
                 116,            0.081504,            0.058441,            0.022654,             0.65894,             0.32957,             0.38205,             0.14158,            0.079893,            0.036384,            0.021516,            0.006205,            0.006205,            0.006205
                 117,            0.081093,            0.058601,            0.023267,             0.66975,             0.31203,             0.34761,             0.12711,            0.077976,            0.035817,            0.021953,            0.006172,            0.006172,            0.006172
                 118,            0.080693,            0.052078,            0.022195,             0.59559,             0.40602,             0.32215,             0.15732,            0.078433,            0.035216,            0.021529,            0.006139,            0.006139,            0.006139
                 119,            0.082227,             0.05198,            0.022875,             0.71524,             0.27694,             0.34214,             0.14686,            0.077688,            0.035848,            0.021543,            0.006106,            0.006106,            0.006106
                 120,            0.080495,            0.050018,            0.022468,             0.71524,             0.27694,             0.34214,             0.14686,            0.077688,            0.035821,            0.021543,            0.006073,            0.006073,            0.006073
                 121,            0.081886,            0.058021,             0.02372,             0.77943,             0.32331,             0.41145,              0.1905,            0.076634,            0.035771,            0.021093,             0.00604,             0.00604,             0.00604
                 122,            0.078656,             0.05165,            0.022404,             0.59001,             0.35213,             0.44318,             0.23075,            0.079762,             0.04071,            0.020375,            0.006007,            0.006007,            0.006007
                 123,            0.077849,            0.057439,            0.022075,             0.63356,             0.33584,             0.37483,              0.1974,            0.079428,            0.035004,            0.021267,            0.005974,            0.005974,            0.005974
                 124,            0.086248,            0.048659,            0.022237,             0.63356,             0.33584,             0.37483,              0.1974,            0.079428,            0.034996,            0.021267,            0.005941,            0.005941,            0.005941
                 125,            0.084314,            0.049942,             0.02188,             0.60372,             0.27575,             0.34696,             0.16763,            0.078758,            0.034591,            0.021975,            0.005908,            0.005908,            0.005908
                 126,            0.082903,            0.055604,            0.023115,             0.60117,             0.31534,             0.30375,             0.14879,            0.076879,            0.035413,            0.022375,            0.005875,            0.005875,            0.005875
                 127,            0.080503,            0.055184,            0.022609,             0.69005,             0.30364,             0.38855,             0.23205,            0.073991,            0.036922,            0.020976,            0.005842,            0.005842,            0.005842
                 128,            0.078173,            0.054442,            0.022481,             0.69005,             0.30364,             0.38855,             0.23205,            0.073991,            0.036933,            0.020976,            0.005809,            0.005809,            0.005809
                 129,            0.077585,            0.054985,            0.022222,             0.57485,             0.39975,             0.39244,             0.20598,            0.076284,            0.038857,            0.020776,            0.005776,            0.005776,            0.005776
                 130,            0.076591,            0.057715,            0.022289,             0.63026,             0.45363,             0.40414,               0.212,            0.074327,             0.03466,            0.021337,            0.005743,            0.005743,            0.005743
                 131,            0.075423,            0.061831,            0.022055,              0.7984,             0.33459,             0.45292,             0.21949,             0.07716,            0.036106,            0.020902,             0.00571,             0.00571,             0.00571
                 132,            0.078576,            0.058948,            0.021999,              0.7984,             0.33459,             0.45292,             0.21949,             0.07716,            0.036151,            0.020902,            0.005677,            0.005677,            0.005677
                 133,            0.075934,            0.055139,            0.022243,             0.71969,             0.40602,             0.46283,             0.24505,            0.071688,            0.033815,            0.021405,            0.005644,            0.005644,            0.005644
                 134,            0.075733,            0.058108,            0.021821,             0.71104,             0.44743,             0.43331,             0.20342,            0.077326,            0.033705,            0.021179,            0.005611,            0.005611,            0.005611
                 135,            0.079231,            0.064495,            0.022306,             0.59142,             0.43325,              0.4331,             0.17198,             0.07677,            0.038515,            0.020641,            0.005578,            0.005578,            0.005578
                 136,            0.078675,             0.05436,            0.022707,             0.59142,             0.43325,              0.4331,             0.17198,             0.07677,             0.03851,            0.020641,            0.005545,            0.005545,            0.005545
                 137,            0.077299,            0.050352,            0.022055,             0.59558,             0.33433,             0.41469,             0.14558,            0.076878,            0.036816,            0.020949,            0.005512,            0.005512,            0.005512
                 138,            0.077007,            0.052098,              0.0225,              0.5024,             0.68881,             0.52553,              0.2542,            0.071881,            0.034408,            0.020337,            0.005479,            0.005479,            0.005479
                 139,            0.072642,            0.053997,            0.021467,             0.42088,             0.68881,             0.55027,             0.21271,            0.077481,            0.036276,            0.020048,            0.005446,            0.005446,            0.005446
                 140,            0.076687,            0.052496,            0.022492,             0.42088,             0.68881,             0.55027,             0.21271,            0.077481,            0.036287,            0.020048,            0.005413,            0.005413,            0.005413
                 141,            0.074796,            0.047531,            0.021208,             0.54081,             0.64494,             0.61957,             0.29536,            0.073445,            0.034075,            0.020672,             0.00538,             0.00538,             0.00538
                 142,             0.07391,            0.051162,             0.02175,             0.64143,             0.56273,             0.62461,              0.3563,            0.072149,            0.034508,            0.020585,            0.005347,            0.005347,            0.005347
                 143,             0.07404,            0.056519,            0.021566,             0.35899,             0.56182,             0.45627,             0.20833,            0.076171,            0.039249,            0.020115,            0.005314,            0.005314,            0.005314
                 144,            0.076235,            0.056924,            0.022208,             0.35899,             0.56182,             0.45627,             0.20833,            0.076171,            0.039229,            0.020115,            0.005281,            0.005281,            0.005281
                 145,            0.072102,            0.057704,            0.021591,             0.45329,             0.56182,             0.51492,             0.23414,            0.074185,            0.039543,            0.020257,            0.005248,            0.005248,            0.005248
                 146,             0.07546,            0.050968,             0.02202,             0.47061,             0.62151,             0.52571,             0.23523,             0.07331,            0.034516,             0.02072,            0.005215,            0.005215,            0.005215
                 147,            0.077638,            0.050032,            0.022293,             0.91957,             0.28195,             0.50077,             0.22025,            0.075715,            0.032701,            0.021569,            0.005182,            0.005182,            0.005182
                 148,            0.077739,            0.054619,            0.021603,             0.91957,             0.28195,             0.50077,             0.22025,            0.075715,            0.032701,            0.021569,            0.005149,            0.005149,            0.005149
                 149,             0.07258,            0.048619,            0.020803,             0.36868,             0.61674,             0.51305,             0.24386,            0.073115,             0.03272,            0.021649,            0.005116,            0.005116,            0.005116
                 150,            0.072548,            0.061688,            0.021315,             0.42552,             0.62364,             0.53575,             0.24773,            0.075316,            0.037174,            0.020243,            0.005083,            0.005083,            0.005083
                 151,            0.075668,            0.057825,            0.022236,             0.21694,             0.59045,             0.43663,             0.20542,            0.071862,            0.035201,            0.021339,             0.00505,             0.00505,             0.00505
                 152,            0.074782,            0.057025,            0.021642,             0.21694,             0.59045,             0.43663,             0.20542,            0.071862,            0.035207,            0.021339,            0.005017,            0.005017,            0.005017
                 153,            0.073967,            0.049666,            0.022194,              0.6432,             0.28677,             0.35817,             0.18014,            0.070786,            0.036442,            0.022488,            0.004984,            0.004984,            0.004984
                 154,            0.072814,            0.045463,            0.022003,             0.53463,             0.60713,             0.51413,              0.2336,            0.071981,            0.035864,            0.020194,            0.004951,            0.004951,            0.004951
                 155,            0.074162,            0.058758,            0.021546,             0.39062,             0.44403,             0.46683,             0.27313,            0.070247,            0.035001,            0.020721,            0.004918,            0.004918,            0.004918
                 156,            0.072238,             0.04379,             0.02093,             0.39062,             0.44403,             0.46683,             0.27313,            0.070247,            0.034983,            0.020721,            0.004885,            0.004885,            0.004885
                 157,            0.073127,            0.053965,            0.021345,             0.34055,             0.46784,             0.45742,             0.26222,            0.070605,            0.034956,            0.020896,            0.004852,            0.004852,            0.004852
                 158,            0.071281,            0.053222,            0.021134,             0.46829,             0.60944,             0.52899,             0.28105,            0.068454,            0.035025,            0.019974,            0.004819,            0.004819,            0.004819
                 159,            0.069703,            0.053571,            0.021103,             0.33222,              0.6061,             0.52582,             0.29568,            0.071927,               0.034,            0.020194,            0.004786,            0.004786,            0.004786
                 160,            0.074848,            0.052204,            0.021799,             0.33222,              0.6061,             0.52582,             0.29568,            0.071927,            0.033994,            0.020194,            0.004753,            0.004753,            0.004753
                 161,            0.073679,            0.053118,            0.021211,             0.44835,             0.59525,             0.51757,             0.30111,            0.071299,            0.032602,            0.020666,             0.00472,             0.00472,             0.00472
                 162,            0.071459,            0.054498,            0.021331,             0.53668,             0.55885,             0.59235,             0.36315,             0.06822,            0.032595,            0.020469,            0.004687,            0.004687,            0.004687
                 163,            0.068648,            0.045932,            0.020433,             0.47019,              0.6061,             0.54295,             0.27516,            0.074126,            0.030849,            0.020609,            0.004654,            0.004654,            0.004654
                 164,            0.077926,            0.046386,            0.022506,             0.47019,              0.6061,             0.54295,             0.27516,            0.074126,            0.030841,            0.020609,            0.004621,            0.004621,            0.004621
                 165,            0.074989,             0.04717,            0.020863,             0.36866,             0.69295,             0.51933,             0.25339,             0.07494,             0.03019,            0.020799,            0.004588,            0.004588,            0.004588
                 166,            0.073522,            0.048357,            0.021355,             0.53953,              0.5605,             0.56585,             0.29679,            0.073639,            0.030294,              0.0217,            0.004555,            0.004555,            0.004555
                 167,             0.07198,            0.055117,            0.020455,              0.5902,             0.59023,             0.57447,             0.32485,            0.071834,            0.031516,            0.020379,            0.004522,            0.004522,            0.004522
                 168,            0.073605,            0.049962,            0.020316,              0.5902,             0.59023,             0.57447,             0.32485,            0.071834,            0.031463,            0.020379,            0.004489,            0.004489,            0.004489
                 169,            0.070576,            0.044309,            0.019964,             0.64095,             0.56052,             0.62699,             0.36944,            0.070658,            0.032538,            0.020663,            0.004456,            0.004456,            0.004456
                 170,            0.069715,            0.047287,             0.02083,             0.40292,             0.63264,             0.57699,             0.31477,            0.070298,            0.031436,            0.021736,            0.004423,            0.004423,            0.004423
                 171,            0.071424,            0.056298,            0.020867,             0.51498,             0.64745,             0.56257,             0.31778,            0.069447,            0.030727,            0.020892,             0.00439,             0.00439,             0.00439
                 172,             0.07185,            0.056466,            0.021544,             0.51498,             0.64745,             0.56257,             0.31778,            0.069447,            0.030714,            0.020892,            0.004357,            0.004357,            0.004357
                 173,            0.067994,            0.052528,            0.020924,             0.62572,             0.55388,             0.55674,             0.31962,            0.066622,            0.031364,            0.020808,            0.004324,            0.004324,            0.004324
                 174,            0.067744,            0.045653,            0.020555,             0.38657,               0.665,             0.52903,             0.30271,            0.067692,            0.030968,             0.02094,            0.004291,            0.004291,            0.004291
                 175,            0.069987,            0.046221,            0.021326,             0.50148,             0.54428,              0.5518,             0.30606,            0.068274,              0.0299,            0.020785,            0.004258,            0.004258,            0.004258
                 176,            0.072939,            0.056775,            0.020457,             0.50148,             0.54428,              0.5518,             0.30606,            0.068274,            0.029902,            0.020785,            0.004225,            0.004225,            0.004225
                 177,            0.073311,            0.047891,            0.020826,             0.42366,             0.65544,             0.57473,             0.33878,            0.067916,            0.029611,            0.020807,            0.004192,            0.004192,            0.004192
                 178,            0.070786,            0.047318,            0.020373,             0.49728,             0.63355,             0.59944,             0.32722,            0.071306,            0.030221,            0.021848,            0.004159,            0.004159,            0.004159
                 179,            0.074643,            0.052409,            0.021782,             0.67852,              0.5869,             0.63339,             0.35771,            0.068857,             0.02915,            0.022037,            0.004126,            0.004126,            0.004126
                 180,            0.071171,            0.055056,            0.021654,             0.67852,              0.5869,             0.63339,             0.35771,            0.068857,            0.029065,            0.022037,            0.004093,            0.004093,            0.004093
                 181,            0.066671,            0.048524,            0.020412,             0.67915,             0.63784,              0.6418,             0.38327,            0.066608,            0.028535,            0.021229,             0.00406,             0.00406,             0.00406
                 182,            0.069821,            0.057714,            0.021205,             0.70211,             0.52002,             0.65764,             0.39156,            0.072033,            0.028761,            0.020637,            0.004027,            0.004027,            0.004027
                 183,            0.070808,            0.051633,            0.020883,             0.65607,             0.62393,             0.62884,             0.37733,            0.066883,            0.029158,            0.021551,            0.003994,            0.003994,            0.003994
                 184,            0.070608,            0.057722,             0.02006,             0.65607,             0.62393,             0.62884,             0.37733,            0.066883,            0.029219,            0.021551,            0.003961,            0.003961,            0.003961
                 185,            0.070525,            0.055216,            0.020604,              0.6448,             0.58937,             0.63638,              0.3833,            0.066245,            0.028928,            0.021123,            0.003928,            0.003928,            0.003928
                 186,            0.066836,            0.051316,            0.020441,             0.67922,             0.69466,             0.70535,             0.42537,            0.066115,            0.029013,            0.020848,            0.003895,            0.003895,            0.003895
                 187,             0.06649,            0.051589,            0.020904,             0.72173,             0.62041,             0.67679,             0.46742,            0.065084,            0.028649,            0.021143,            0.003862,            0.003862,            0.003862
                 188,            0.067539,            0.053759,            0.021016,             0.72173,             0.62041,             0.67679,             0.46742,            0.065084,            0.028621,            0.021143,            0.003829,            0.003829,            0.003829
                 189,            0.067331,            0.050979,            0.020365,             0.80166,             0.65689,             0.71166,             0.43395,            0.065613,            0.028676,            0.021702,            0.003796,            0.003796,            0.003796
                 190,            0.066307,            0.055528,            0.019781,             0.67195,             0.59447,             0.65907,             0.41141,            0.067992,            0.028793,            0.021163,            0.003763,            0.003763,            0.003763
                 191,             0.07096,            0.057234,            0.020367,             0.75306,             0.54887,             0.63394,             0.36587,            0.068453,            0.028028,            0.022353,             0.00373,             0.00373,             0.00373
                 192,            0.071313,             0.05773,            0.021413,             0.75306,             0.54887,             0.63394,             0.36587,            0.068453,            0.028118,            0.022353,            0.003697,            0.003697,            0.003697
                 193,            0.069206,            0.052753,            0.019922,             0.71662,             0.49203,             0.63121,             0.35064,            0.069341,             0.02859,            0.023217,            0.003664,            0.003664,            0.003664
                 194,            0.067095,            0.047219,            0.020121,             0.81479,             0.57394,             0.64972,             0.44636,            0.066282,            0.028427,            0.022586,            0.003631,            0.003631,            0.003631
                 195,            0.069998,             0.04967,            0.020879,             0.80415,             0.56305,             0.68084,             0.36137,            0.069531,            0.027883,            0.022265,            0.003598,            0.003598,            0.003598
                 196,            0.068232,            0.048927,            0.019655,             0.80415,             0.56305,             0.68084,             0.36137,            0.069531,            0.027938,            0.022265,            0.003565,            0.003565,            0.003565
                 197,            0.065836,            0.048271,            0.019897,             0.77266,             0.64332,             0.69271,             0.38314,            0.068091,            0.028608,            0.022382,            0.003532,            0.003532,            0.003532
                 198,             0.06623,            0.055155,            0.020113,             0.71588,             0.61607,             0.67344,               0.428,            0.067275,              0.0297,             0.02113,            0.003499,            0.003499,            0.003499
                 199,            0.067136,            0.053381,            0.019652,             0.61315,             0.65205,             0.62018,             0.38683,            0.072417,            0.031791,            0.021934,            0.003466,            0.003466,            0.003466
                 200,            0.071094,            0.045586,            0.020682,             0.61315,             0.65205,             0.62018,             0.38683,            0.072417,             0.03183,            0.021934,            0.003433,            0.003433,            0.003433
                 201,            0.068732,            0.048887,            0.020373,             0.49198,             0.52735,             0.56844,             0.39041,            0.069111,            0.032265,            0.021941,              0.0034,              0.0034,              0.0034
                 202,            0.065411,            0.047136,            0.020013,              0.6673,             0.70786,             0.71024,             0.45257,            0.063995,            0.029083,            0.020183,            0.003367,            0.003367,            0.003367
                 203,            0.065734,            0.044141,             0.01928,              0.6235,             0.63515,             0.66408,             0.45131,             0.06712,            0.030102,            0.020612,            0.003334,            0.003334,            0.003334
                 204,            0.067657,            0.049695,            0.020743,              0.6235,             0.63515,             0.66408,             0.45131,             0.06712,            0.030089,            0.020612,            0.003301,            0.003301,            0.003301
                 205,            0.066329,            0.048069,            0.020441,             0.57356,             0.71721,              0.6954,             0.46641,            0.065081,            0.030268,            0.020292,            0.003268,            0.003268,            0.003268
                 206,            0.067328,             0.04309,            0.020629,             0.65297,             0.71094,             0.74657,             0.45345,            0.062749,            0.029045,            0.020138,            0.003235,            0.003235,            0.003235
                 207,            0.066887,             0.04907,             0.02015,             0.66792,             0.60777,             0.66319,             0.44815,            0.066911,            0.028058,            0.020371,            0.003202,            0.003202,            0.003202
                 208,             0.06913,            0.048937,            0.020547,             0.66792,             0.60777,             0.66319,             0.44815,            0.066911,            0.028073,            0.020371,            0.003169,            0.003169,            0.003169
                 209,            0.065353,            0.046688,            0.019364,             0.68967,             0.55313,             0.67402,             0.46191,            0.065901,             0.02824,             0.02022,            0.003136,            0.003136,            0.003136
                 210,            0.070835,            0.055616,            0.020973,             0.79608,             0.52878,             0.69589,             0.44594,            0.061753,             0.02825,            0.020121,            0.003103,            0.003103,            0.003103
                 211,            0.065772,            0.050498,            0.020398,             0.82916,             0.57814,             0.69955,             0.43534,            0.062296,            0.028141,            0.020218,             0.00307,             0.00307,             0.00307
                 212,             0.06548,            0.050003,            0.019886,             0.82916,             0.57814,             0.69955,             0.43534,            0.062296,            0.028077,            0.020218,            0.003037,            0.003037,            0.003037
                 213,            0.064975,            0.052748,            0.020139,             0.79477,             0.59581,             0.67551,             0.42056,            0.061527,            0.027732,             0.02044,            0.003004,            0.003004,            0.003004
                 214,            0.066034,            0.044689,            0.019582,             0.67947,             0.63158,             0.65421,             0.37734,            0.065035,            0.027561,            0.020392,            0.002971,            0.002971,            0.002971
                 215,            0.068327,            0.057543,            0.019825,             0.78107,             0.46211,             0.63521,             0.41301,             0.06386,            0.028016,            0.020874,            0.002938,            0.002938,            0.002938
                 216,            0.065414,            0.049603,            0.019951,             0.78107,             0.46211,             0.63521,             0.41301,             0.06386,            0.028103,            0.020874,            0.002905,            0.002905,            0.002905
                 217,            0.063638,            0.048478,            0.018829,             0.77138,             0.43325,             0.60351,               0.393,            0.065067,            0.028661,            0.021588,            0.002872,            0.002872,            0.002872
                 218,            0.065533,             0.05002,            0.020885,             0.59988,             0.69826,             0.68228,             0.40391,            0.062322,            0.027449,            0.020583,            0.002839,            0.002839,            0.002839
                 219,            0.063665,            0.053613,            0.019681,             0.74732,             0.62137,             0.66895,             0.43755,            0.065043,            0.027406,            0.020336,            0.002806,            0.002806,            0.002806
                 220,            0.066575,            0.045986,            0.020029,             0.74732,             0.62137,             0.66895,             0.43755,            0.065043,             0.02734,            0.020336,            0.002773,            0.002773,            0.002773
                 221,            0.066997,            0.044856,            0.020494,              0.7648,             0.59957,             0.67806,             0.44068,             0.06277,            0.027119,            0.020558,             0.00274,             0.00274,             0.00274
                 222,            0.065715,            0.051623,            0.020431,             0.70297,             0.58171,             0.66478,             0.39954,             0.06297,            0.027143,            0.020667,            0.002707,            0.002707,            0.002707
                 223,            0.065282,            0.042499,            0.018804,             0.71826,             0.55269,             0.65394,             0.40059,            0.062943,            0.026894,            0.020741,            0.002674,            0.002674,            0.002674
                 224,             0.06603,            0.046653,            0.019602,             0.71826,             0.55269,             0.65394,             0.40059,            0.062943,            0.026881,            0.020741,            0.002641,            0.002641,            0.002641
                 225,            0.067539,            0.054454,            0.020307,             0.85765,             0.54533,             0.68545,             0.38895,             0.06347,            0.027007,             0.02072,            0.002608,            0.002608,            0.002608
                 226,             0.06696,               0.043,            0.020518,             0.76169,             0.58717,             0.66943,             0.40678,            0.061243,            0.026934,            0.020555,            0.002575,            0.002575,            0.002575
                 227,            0.065091,            0.050664,            0.019778,             0.76817,             0.50545,             0.66619,              0.4406,            0.062496,            0.027285,            0.020076,            0.002542,            0.002542,            0.002542
                 228,            0.063384,            0.046309,            0.019265,             0.76817,             0.50545,             0.66619,              0.4406,            0.062496,            0.027304,            0.020076,            0.002509,            0.002509,            0.002509
                 229,            0.064388,            0.051871,            0.020273,             0.79545,             0.55163,             0.68835,             0.46275,            0.059628,            0.026946,            0.019899,            0.002476,            0.002476,            0.002476
                 230,            0.061977,            0.055545,            0.019219,             0.80096,             0.55172,             0.70296,             0.43262,            0.060953,            0.026816,            0.019696,            0.002443,            0.002443,            0.002443
                 231,            0.063128,            0.050003,            0.019999,             0.78501,             0.59113,             0.74082,             0.42771,            0.061602,               0.027,            0.019752,             0.00241,             0.00241,             0.00241
                 232,            0.066793,            0.053084,            0.020204,             0.78501,             0.59113,             0.74082,             0.42771,            0.061602,            0.027039,            0.019752,            0.002377,            0.002377,            0.002377
                 233,            0.065085,            0.050974,            0.019445,             0.73319,             0.59775,             0.69474,             0.39525,            0.060805,            0.027184,            0.019781,            0.002344,            0.002344,            0.002344
                 234,            0.064849,            0.053265,            0.019966,              0.7943,             0.52624,             0.65056,             0.39527,            0.061812,            0.026761,            0.019803,            0.002311,            0.002311,            0.002311
                 235,            0.065534,            0.050999,            0.020703,             0.57937,             0.71094,             0.67915,             0.41517,            0.060602,            0.026495,            0.019944,            0.002278,            0.002278,            0.002278
                 236,            0.062982,            0.045532,            0.019441,             0.57937,             0.71094,             0.67915,             0.41517,            0.060602,            0.026521,            0.019944,            0.002245,            0.002245,            0.002245
                 237,            0.063019,             0.05004,            0.019705,             0.50265,             0.72849,             0.65847,               0.415,            0.061214,            0.026393,            0.020034,            0.002212,            0.002212,            0.002212
                 238,            0.063835,            0.052092,            0.019476,             0.51709,             0.72469,             0.66776,             0.44582,             0.06294,            0.026443,            0.019945,            0.002179,            0.002179,            0.002179
                 239,            0.063882,            0.043376,            0.019572,             0.57864,             0.69033,             0.69021,             0.48766,            0.062934,            0.026839,            0.020352,            0.002146,            0.002146,            0.002146
                 240,            0.062804,            0.047934,            0.019311,             0.57864,             0.69033,             0.69021,             0.48766,            0.062934,            0.026838,            0.020352,            0.002113,            0.002113,            0.002113
                 241,            0.065317,            0.051812,            0.019144,             0.58165,             0.70634,              0.6863,             0.47256,            0.063343,            0.026855,            0.020464,             0.00208,             0.00208,             0.00208
                 242,            0.063849,            0.048196,             0.02011,             0.71429,             0.64578,             0.72239,             0.47574,            0.060632,            0.026206,            0.020153,            0.002047,            0.002047,            0.002047
                 243,            0.060801,            0.047436,            0.019221,             0.78076,             0.59639,             0.75509,             0.46803,            0.063971,            0.026007,             0.01996,            0.002014,            0.002014,            0.002014
                 244,            0.062933,            0.045111,            0.019704,             0.78076,             0.59639,             0.75509,             0.46803,            0.063971,            0.026076,             0.01996,            0.001981,            0.001981,            0.001981
                 245,            0.064979,            0.054783,            0.019822,             0.83451,             0.58643,             0.74834,             0.45327,            0.062472,            0.025918,            0.019841,            0.001948,            0.001948,            0.001948
                 246,            0.063165,            0.046984,            0.019301,             0.56804,             0.66466,             0.69026,             0.46913,            0.060764,            0.026147,             0.02003,            0.001915,            0.001915,            0.001915
                 247,            0.065357,            0.048196,            0.019764,             0.81449,             0.48607,             0.67761,              0.4488,            0.063216,            0.026204,            0.020267,            0.001882,            0.001882,            0.001882
                 248,            0.063923,            0.044909,            0.019631,             0.81449,             0.48607,             0.67761,              0.4488,            0.063216,            0.026198,            0.020267,            0.001849,            0.001849,            0.001849
                 249,            0.060188,            0.043863,             0.01955,              0.8167,             0.48284,             0.67668,             0.43532,            0.061952,             0.02613,            0.020244,            0.001816,            0.001816,            0.001816
                 250,            0.063273,            0.048156,             0.01926,             0.80276,             0.54546,             0.69346,             0.47104,            0.060348,            0.026081,            0.019757,            0.001783,            0.001783,            0.001783
                 251,            0.063821,            0.051563,             0.01945,             0.76402,             0.53061,             0.68638,             0.43199,            0.061513,            0.026481,            0.019738,             0.00175,             0.00175,             0.00175
                 252,            0.063041,            0.050651,            0.019273,             0.76402,             0.53061,             0.68638,             0.43199,            0.061513,             0.02639,            0.019738,            0.001717,            0.001717,            0.001717
                 253,            0.061715,            0.047839,            0.020297,             0.76723,             0.54304,             0.66501,             0.43881,            0.060427,            0.026589,            0.019746,            0.001684,            0.001684,            0.001684
                 254,            0.061416,            0.049536,            0.018721,              0.5442,             0.73939,             0.68125,             0.47642,            0.059188,            0.026814,            0.019515,            0.001651,            0.001651,            0.001651
                 255,            0.061225,            0.049837,            0.019596,             0.55476,             0.74869,             0.67451,             0.46835,            0.059468,            0.026712,            0.019601,            0.001618,            0.001618,            0.001618
                 256,            0.062365,            0.042815,            0.019449,             0.55476,             0.74869,             0.67451,             0.46835,            0.059468,            0.026692,            0.019601,            0.001585,            0.001585,            0.001585
                 257,            0.060005,             0.05047,            0.019243,             0.62505,             0.71187,              0.6597,             0.46753,            0.059081,             0.02657,            0.019687,            0.001552,            0.001552,            0.001552
                 258,            0.062065,            0.051949,            0.019229,             0.59334,              0.6792,             0.67907,             0.46516,            0.059569,            0.026396,            0.019791,            0.001519,            0.001519,            0.001519
                 259,            0.062757,             0.05296,            0.019496,             0.81792,             0.56758,             0.74949,             0.49594,             0.06052,            0.026345,            0.019758,            0.001486,            0.001486,            0.001486
                 260,            0.063401,            0.047068,            0.020685,             0.81792,             0.56758,             0.74949,             0.49594,             0.06052,            0.026357,            0.019758,            0.001453,            0.001453,            0.001453
                 261,            0.063125,            0.055114,            0.020343,             0.82962,             0.57363,              0.7439,             0.48761,            0.061495,            0.026393,            0.019742,             0.00142,             0.00142,             0.00142
                 262,            0.061256,            0.047036,            0.019899,             0.78565,             0.56337,             0.71251,             0.51981,            0.060204,             0.02616,            0.019681,            0.001387,            0.001387,            0.001387
                 263,            0.061098,            0.047502,            0.018935,             0.64757,             0.71094,             0.73732,             0.50713,            0.061099,            0.026002,            0.019732,            0.001354,            0.001354,            0.001354
                 264,            0.062171,            0.044872,            0.020165,             0.64757,             0.71094,             0.73732,             0.50713,            0.061099,            0.026089,            0.019732,            0.001321,            0.001321,            0.001321
                 265,            0.059884,            0.049237,            0.019024,             0.62428,              0.7076,             0.71601,             0.52907,            0.060282,            0.025901,             0.02003,            0.001288,            0.001288,            0.001288
                 266,            0.062678,            0.045605,            0.019489,             0.67561,              0.7076,             0.72105,             0.52035,            0.059842,              0.0261,            0.020253,            0.001255,            0.001255,            0.001255
                 267,            0.058352,            0.042549,            0.018477,             0.66293,             0.70134,             0.73054,             0.52492,            0.059546,            0.026078,            0.020065,            0.001222,            0.001222,            0.001222
                 268,            0.060967,             0.04617,             0.01932,             0.66293,             0.70134,             0.73054,             0.52492,            0.059546,            0.026044,            0.020065,            0.001189,            0.001189,            0.001189
                 269,            0.060907,            0.043476,            0.020121,             0.75303,             0.67884,             0.76201,             0.52134,            0.059494,             0.02607,            0.020057,            0.001156,            0.001156,            0.001156
                 270,            0.061615,            0.047636,            0.019315,              0.7495,             0.66276,             0.76519,             0.49342,            0.060072,             0.02606,             0.01991,            0.001123,            0.001123,            0.001123
                 271,            0.060215,            0.052453,            0.018865,             0.82203,             0.59075,             0.75605,             0.50115,            0.059394,            0.025881,            0.019674,             0.00109,             0.00109,             0.00109
                 272,            0.061634,            0.041668,            0.019807,             0.82203,             0.59075,             0.75605,             0.50115,            0.059394,            0.025986,            0.019674,            0.001057,            0.001057,            0.001057
                 273,            0.061059,            0.043416,            0.018792,             0.84287,             0.55616,             0.74193,             0.51452,            0.059207,            0.026084,            0.019625,            0.001024,            0.001024,            0.001024
                 274,            0.062176,            0.050275,            0.019656,             0.89021,             0.56114,             0.76279,             0.49664,            0.059658,            0.026069,            0.019708,            0.000991,            0.000991,            0.000991
                 275,            0.059068,            0.052213,            0.018575,             0.85488,             0.58013,             0.77742,             0.51344,            0.058872,            0.026076,            0.019765,            0.000958,            0.000958,            0.000958
                 276,            0.061586,            0.048441,            0.019616,             0.85488,             0.58013,             0.77742,             0.51344,            0.058872,             0.02611,            0.019765,            0.000925,            0.000925,            0.000925
                 277,            0.059546,            0.045369,            0.019116,             0.83865,             0.57043,             0.76926,             0.50125,            0.058798,             0.02603,            0.019805,            0.000892,            0.000892,            0.000892
                 278,            0.062985,            0.046525,            0.019772,             0.83774,             0.57024,             0.76572,             0.49683,            0.059254,            0.026067,            0.019924,            0.000859,            0.000859,            0.000859
                 279,             0.06107,            0.048821,            0.019239,             0.85092,             0.57002,             0.76813,             0.50339,            0.058659,            0.026082,             0.01984,            0.000826,            0.000826,            0.000826
                 280,            0.060783,            0.051087,            0.019085,             0.85092,             0.57002,             0.76813,             0.50339,            0.058659,             0.02604,             0.01984,            0.000793,            0.000793,            0.000793
                 281,            0.058665,            0.043737,            0.018794,             0.84298,              0.5963,             0.76734,             0.49953,            0.058484,            0.026039,            0.019771,             0.00076,             0.00076,             0.00076
                 282,            0.062062,            0.049102,             0.01941,             0.84751,             0.59027,             0.77322,             0.48856,              0.0589,            0.026125,            0.019754,            0.000727,            0.000727,            0.000727
                 283,             0.06373,            0.051181,            0.019559,             0.86365,             0.58938,             0.75471,             0.49953,            0.058455,            0.026157,            0.019646,            0.000694,            0.000694,            0.000694
                 284,            0.062731,            0.046037,            0.020369,             0.86365,             0.58938,             0.75471,             0.49953,            0.058455,            0.026055,            0.019646,            0.000661,            0.000661,            0.000661
                 285,            0.062404,             0.04835,            0.019533,             0.86456,             0.59071,             0.76092,             0.51706,            0.058247,            0.026077,            0.019579,            0.000628,            0.000628,            0.000628
                 286,            0.061171,            0.042526,            0.019136,             0.86612,             0.59065,             0.76117,             0.50866,            0.058255,             0.02613,            0.019559,            0.000595,            0.000595,            0.000595
                 287,             0.05858,            0.046436,            0.019229,             0.86769,             0.59183,              0.7616,             0.52185,            0.058024,            0.026002,             0.01952,            0.000562,            0.000562,            0.000562
                 288,            0.059075,             0.04328,            0.018832,             0.86769,             0.59183,              0.7616,             0.52185,            0.058024,            0.025932,             0.01952,            0.000529,            0.000529,            0.000529
                 289,            0.060407,            0.045158,            0.019359,             0.87466,             0.58623,             0.76518,             0.52487,            0.057816,            0.025996,            0.019467,            0.000496,            0.000496,            0.000496
                 290,            0.059196,            0.048581,            0.018471,             0.88142,             0.58451,             0.77032,             0.51736,            0.057893,            0.025937,            0.019422,            0.000463,            0.000463,            0.000463
                 291,            0.060917,            0.048233,            0.019841,             0.88436,             0.58539,             0.76857,             0.51134,            0.058425,            0.025914,            0.019408,             0.00043,             0.00043,             0.00043
                 292,            0.060379,            0.048273,            0.019287,             0.88436,             0.58539,             0.76857,             0.51134,            0.058425,            0.025967,            0.019408,            0.000397,            0.000397,            0.000397
                 293,              0.0623,            0.049049,            0.019378,             0.88366,             0.58663,             0.76841,             0.51098,            0.058536,             0.02597,            0.019409,            0.000364,            0.000364,            0.000364
                 294,            0.060981,            0.051308,            0.019245,             0.81442,             0.60655,             0.76752,             0.51294,            0.058503,            0.025964,             0.01941,            0.000331,            0.000331,            0.000331
                 295,            0.058831,            0.049769,            0.019189,             0.81165,              0.5956,             0.77166,              0.5168,            0.058337,            0.025825,            0.019396,            0.000298,            0.000298,            0.000298
                 296,              0.0607,            0.050249,            0.019781,             0.81165,              0.5956,             0.77166,              0.5168,            0.058337,            0.025776,            0.019396,            0.000265,            0.000265,            0.000265
                 297,            0.059446,            0.043574,            0.018723,             0.79583,             0.59587,             0.74059,             0.51783,             0.05827,            0.025826,            0.019383,            0.000232,            0.000232,            0.000232
                 298,            0.061488,             0.04856,            0.019031,             0.81298,             0.60086,             0.77483,             0.51176,            0.058215,            0.025714,             0.01935,            0.000199,            0.000199,            0.000199
                 299,            0.063429,            0.049223,            0.019386,               0.795,             0.59635,             0.74126,             0.49609,            0.058143,            0.025773,            0.019341,            0.000166,            0.000166,            0.000166
